"subplotID","flowerID","garden","species","rater","compound","tot.vase.days"
27,"11114",1,1,1,1,12
8,"11111",1,1,1,1,13
41,"11113",1,1,1,1,9
13,"11122",1,1,1,2,15
46,"11124",1,1,1,2,NA
41,"11123",1,1,1,2,12
36,"11132",1,1,1,3,19
8,"11131",1,1,1,3,17
14,"11134",1,1,1,3,10
2,"11144",1,1,1,4,4
12,"11141",1,1,1,4,8
17,"11142",1,1,1,4,11
12,"11143",1,1,1,4,9
12,"11151",1,1,1,5,10
2,"11163",1,1,1,6,9
14,"11173",1,1,1,7,11
41,"11171",1,1,1,7,NA
2,"11181",1,1,1,8,9
17,"11184",1,1,1,8,6
29,"11183",1,1,1,8,16
27,"11193",1,1,1,9,19
31,"11192",1,1,1,9,5
33,"11194",1,1,1,9,15
42,"111113",1,1,1,11,25
13,"111112",1,1,1,11,6
13,"111122",1,1,1,12,13
18,"111124",1,1,1,12,14
46,"111131",1,1,1,13,12
2,"111134",1,1,1,13,11
17,"111133",1,1,1,13,7
8,"111143",1,1,1,14,17
27,"111142",1,1,1,14,14
14,"111151",1,1,1,15,13
10,"111152",1,1,1,15,12
2,"111154",1,1,1,15,7
21,"111153",1,1,1,15,18
14,"12112",1,2,1,1,7
46,"12111",1,2,1,1,5
21,"12114",1,2,1,1,22
41,"12123",1,2,1,2,13
31,"12131",1,2,1,3,9
8,"12133",1,2,1,3,18
29,"12132",1,2,1,3,22
21,"12141",1,2,1,4,18
10,"12142",1,2,1,4,9
10,"12143",1,2,1,4,11
13,"12152",1,2,1,5,11
31,"12154",1,2,1,5,16
46,"12151",1,2,1,5,7
35,"12163",1,2,1,6,11
27,"12162",1,2,1,6,17
17,"12164",1,2,1,6,8
27,"12171",1,2,1,7,10
10,"12172",1,2,1,7,11
10,"12173",1,2,1,7,23
21,"12184",1,2,1,8,25
13,"12181",1,2,1,8,10
27,"12191",1,2,1,9,17
41,"12193",1,2,1,9,12
8,"12194",1,2,1,9,17
33,"121103",1,2,1,10,18
8,"121104",1,2,1,10,11
10,"121101",1,2,1,10,NA
34,"121112",1,2,1,11,6
36,"121114",1,2,1,11,13
10,"121111",1,2,1,11,16
41,"121121",1,2,1,12,6
41,"121123",1,2,1,12,8
27,"121124",1,2,1,12,20
18,"121132",1,2,1,13,10
36,"121131",1,2,1,13,9
27,"121143",1,2,1,14,11
13,"121142",1,2,1,14,16
34,"121141",1,2,1,14,6
42,"121154",1,2,1,15,15
21,"121152",1,2,1,15,13
63,"21113",2,1,1,1,5
76,"21112",2,1,1,1,8
61,"21123",2,1,1,2,19
80,"21121",2,1,1,2,21
95,"21131",2,1,1,3,14
67,"21143",2,1,1,4,13
72,"21153",2,1,1,5,15
64,"21151",2,1,1,5,13
71,"21162",2,1,1,6,11
81,"21163",2,1,1,6,14
98,"21171",2,1,1,7,14
61,"21173",2,1,1,7,16
66,"21174",2,1,1,7,11
82,"21182",2,1,1,8,13
82,"21192",2,1,1,9,16
64,"21191",2,1,1,9,9
100,"21194",2,1,1,9,23
100,"211101",2,1,1,10,8
98,"211111",2,1,1,11,8
61,"211112",2,1,1,11,9
61,"211113",2,1,1,11,15
72,"211123",2,1,1,12,5
100,"211133",2,1,1,13,17
98,"211132",2,1,1,13,13
61,"211144",2,1,1,14,14
81,"211141",2,1,1,14,10
89,"211154",2,1,1,15,10
100,"211152",2,1,1,15,10
67,"22112",2,2,1,1,NA
71,"22121",2,2,1,2,12
71,"22124",2,2,1,2,16
88,"22123",2,2,1,2,9
100,"22144",2,2,1,4,11
71,"22142",2,2,1,4,6
72,"22143",2,2,1,4,8
76,"22152",2,2,1,5,15
76,"22151",2,2,1,5,9
74,"22163",2,2,1,6,13
98,"22164",2,2,1,6,17
66,"22171",2,2,1,7,12
66,"22173",2,2,1,7,10
92,"22183",2,2,1,8,9
80,"22184",2,2,1,8,10
76,"22192",2,2,1,9,11
89,"221103",2,2,1,10,NA
72,"221101",2,2,1,10,4
90,"221102",2,2,1,10,9
90,"221104",2,2,1,10,NA
72,"221112",2,2,1,11,10
89,"221113",2,2,1,11,9
89,"221123",2,2,1,12,14
94,"221124",2,2,1,12,13
95,"221134",2,2,1,13,10
90,"221131",2,2,1,13,4
67,"221133",2,2,1,13,14
80,"221141",2,2,1,14,10
71,"221154",2,2,1,15,9
13,"11224",1,1,1,2,19
41,"11222",1,1,1,2,12
10,"11221",1,1,1,2,22
46,"11232",1,1,1,3,21
50,"11231",1,1,1,3,NA
36,"11243",1,1,1,4,12
34,"11253",1,1,1,5,18
41,"11264",1,1,1,6,11
21,"11261",1,1,1,6,23
14,"11263",1,1,1,6,NA
46,"11272",1,1,1,7,NA
36,"11282",1,1,1,8,10
8,"11281",1,1,1,8,14
41,"11283",1,1,1,8,17
21,"11291",1,1,1,9,16
14,"11294",1,1,1,9,14
21,"11292",1,1,1,9,24
46,"112102",1,1,2,10,19
31,"112101",1,1,2,10,NA
34,"112103",1,1,2,10,14
33,"112111",1,1,2,11,22
35,"112112",1,1,2,11,24
31,"112123",1,1,2,12,13
36,"112121",1,1,2,12,15
29,"112124",1,1,2,12,11
10,"112132",1,1,2,13,18
13,"112143",1,1,2,14,NA
50,"112144",1,1,2,14,19
13,"112142",1,1,2,14,14
27,"112141",1,1,2,14,25
12,"112152",1,1,2,15,19
46,"112151",1,1,2,15,17
29,"12211",1,2,2,1,17
42,"12213",1,2,2,1,NA
27,"12214",1,2,2,1,21
27,"12222",1,2,2,2,25
14,"12232",1,2,2,3,16
18,"12233",1,2,2,3,25
34,"12231",1,2,2,3,16
42,"12244",1,2,2,4,10
8,"12243",1,2,2,4,24
21,"12242",1,2,2,4,20
10,"12252",1,2,2,5,17
10,"12261",1,2,2,6,20
42,"12262",1,2,2,6,19
18,"12272",1,2,2,7,20
14,"12273",1,2,2,7,16
42,"12271",1,2,2,7,NA
21,"12283",1,2,2,8,23
36,"12282",1,2,2,8,16
13,"12293",1,2,2,9,18
2,"12291",1,2,2,9,17
12,"122102",1,2,2,10,15
36,"122103",1,2,2,10,14
10,"122101",1,2,2,10,14
13,"122113",1,2,2,11,21
33,"122114",1,2,2,11,20
17,"122111",1,2,2,11,8
42,"122112",1,2,2,11,13
33,"122121",1,2,2,12,15
8,"122122",1,2,2,12,18
42,"122133",1,2,2,13,25
42,"122134",1,2,2,13,21
8,"122143",1,2,2,14,NA
27,"122152",1,2,2,15,18
17,"122153",1,2,2,15,17
31,"122151",1,2,2,15,20
8,"122154",1,2,2,15,22
88,"21214",2,1,2,1,16
89,"21223",2,1,2,2,24
92,"21224",2,1,2,2,22
66,"21232",2,1,2,3,24
80,"21231",2,1,2,3,22
67,"21234",2,1,2,3,18
67,"21233",2,1,2,3,17
88,"21244",2,1,2,4,19
67,"21241",2,1,2,4,19
80,"21242",2,1,2,4,18
61,"21251",2,1,2,5,13
61,"21263",2,1,2,6,25
95,"21262",2,1,2,6,22
89,"21264",2,1,2,6,21
61,"21272",2,1,2,7,16
88,"21274",2,1,2,7,23
90,"21273",2,1,2,7,15
81,"21281",2,1,2,8,17
98,"21291",2,1,2,9,14
80,"21293",2,1,2,9,16
98,"21292",2,1,2,9,20
72,"212101",2,1,2,10,12
63,"212111",2,1,2,11,25
88,"212114",2,1,2,11,25
63,"212124",2,1,2,12,17
66,"212123",2,1,2,12,25
67,"212121",2,1,2,12,NA
98,"212122",2,1,2,12,20
76,"212132",2,1,2,13,21
63,"212134",2,1,2,13,17
74,"212143",2,1,2,14,18
64,"212142",2,1,2,14,14
100,"212144",2,1,2,14,20
81,"212141",2,1,2,14,11
90,"212151",2,1,2,15,21
64,"212153",2,1,2,15,18
88,"212152",2,1,2,15,16
100,"212154",2,1,2,15,18
95,"22213",2,2,2,1,18
98,"22211",2,2,2,1,17
90,"22222",2,2,2,2,23
94,"22224",2,2,2,2,20
61,"22223",2,2,2,2,23
66,"22233",2,2,2,3,25
94,"22231",2,2,2,3,23
72,"22243",2,2,2,4,19
72,"22242",2,2,2,4,15
61,"22253",2,2,2,5,22
64,"22254",2,2,2,5,15
61,"22251",2,2,2,5,16
80,"22252",2,2,2,5,22
76,"22263",2,2,2,6,17
92,"22261",2,2,2,6,25
89,"22273",2,2,2,7,25
95,"22274",2,2,2,7,17
74,"22272",2,2,2,7,8
74,"22271",2,2,2,7,18
92,"22281",2,2,2,8,18
76,"22284",2,2,2,8,22
63,"22292",2,2,2,9,NA
72,"22291",2,2,2,9,11
98,"22294",2,2,2,9,10
92,"222103",2,2,2,10,23
64,"222104",2,2,2,10,NA
80,"222102",2,2,2,10,16
80,"222114",2,2,2,11,25
89,"222111",2,2,2,11,14
63,"222122",2,2,2,12,22
89,"222123",2,2,2,12,17
76,"222124",2,2,2,12,11
63,"222121",2,2,2,12,15
66,"222133",2,2,2,13,23
95,"222132",2,2,2,13,12
66,"222144",2,2,2,14,16
89,"222141",2,2,2,14,18
66,"222152",2,2,2,15,18
74,"222151",2,2,2,15,15
89,"222153",2,2,2,15,NA
13,"11311",1,1,2,1,11
8,"11313",1,1,2,1,18
21,"11314",1,1,2,1,15
14,"11322",1,1,2,2,22
41,"11324",1,1,2,2,15
2,"11321",1,1,2,2,16
18,"11323",1,1,2,2,18
17,"11331",1,1,2,3,10
27,"11333",1,1,2,3,13
46,"11334",1,1,2,3,15
2,"11343",1,1,2,4,5
13,"11341",1,1,2,4,7
2,"11352",1,1,2,5,14
8,"11354",1,1,2,5,16
42,"11364",1,1,2,6,14
31,"11363",1,1,2,6,15
46,"11362",1,1,2,6,9
41,"11371",1,1,2,7,9
10,"11382",1,1,2,8,13
13,"11381",1,1,2,8,7
14,"11383",1,1,2,8,6
8,"11394",1,1,3,9,17
35,"11393",1,1,3,9,12
27,"113101",1,1,3,10,16
34,"113104",1,1,3,10,11
46,"113114",1,1,3,11,11
18,"113112",1,1,3,11,NA
41,"113113",1,1,3,11,20
50,"113123",1,1,3,12,7
33,"113121",1,1,3,12,16
17,"113124",1,1,3,12,7
36,"113132",1,1,3,13,20
12,"113131",1,1,3,13,22
13,"113143",1,1,3,14,16
8,"113144",1,1,3,14,12
31,"113142",1,1,3,14,13
18,"113153",1,1,3,15,20
46,"12312",1,2,3,1,17
46,"12314",1,2,3,1,10
41,"12324",1,2,3,2,15
31,"12323",1,2,3,2,12
36,"12322",1,2,3,2,16
42,"12332",1,2,3,3,17
41,"12334",1,2,3,3,12
33,"12343",1,2,3,4,6
18,"12354",1,2,3,5,NA
33,"12351",1,2,3,5,16
33,"12364",1,2,3,6,15
17,"12362",1,2,3,6,15
13,"12361",1,2,3,6,14
13,"12371",1,2,3,7,13
50,"12372",1,2,3,7,13
27,"12373",1,2,3,7,9
18,"12374",1,2,3,7,9
27,"12383",1,2,3,8,10
31,"12381",1,2,3,8,7
10,"12392",1,2,3,9,10
13,"12394",1,2,3,9,11
31,"123102",1,2,3,10,10
12,"123103",1,2,3,10,12
18,"123111",1,2,3,11,11
46,"123113",1,2,3,11,16
13,"123122",1,2,3,12,14
33,"123124",1,2,3,12,11
14,"123121",1,2,3,12,12
41,"123134",1,2,3,13,10
2,"123133",1,2,3,13,13
13,"123131",1,2,3,13,14
27,"123132",1,2,3,13,13
14,"123143",1,2,3,14,7
21,"123141",1,2,3,14,14
21,"123144",1,2,3,14,12
17,"123142",1,2,3,14,13
14,"123154",1,2,3,15,14
74,"21312",2,1,3,1,15
66,"21314",2,1,3,1,19
100,"21322",2,1,3,2,20
95,"21323",2,1,3,2,14
80,"21334",2,1,3,3,25
72,"21331",2,1,3,3,15
67,"21341",2,1,3,4,11
61,"21342",2,1,3,4,11
98,"21344",2,1,3,4,14
72,"21353",2,1,3,5,12
71,"21354",2,1,3,5,16
74,"21352",2,1,3,5,11
88,"21362",2,1,3,6,20
89,"21364",2,1,3,6,25
98,"21361",2,1,3,6,20
90,"21372",2,1,3,7,19
81,"21371",2,1,3,7,15
98,"21384",2,1,3,8,14
67,"21381",2,1,3,8,11
88,"21394",2,1,3,9,18
89,"21391",2,1,3,9,18
95,"213104",2,1,3,10,13
82,"213102",2,1,3,10,6
89,"213101",2,1,3,10,10
64,"213112",2,1,3,11,13
67,"213113",2,1,3,11,12
67,"213121",2,1,3,12,13
98,"213122",2,1,3,12,11
63,"213124",2,1,3,12,14
72,"213133",2,1,3,13,15
100,"213131",2,1,3,13,16
66,"213134",2,1,3,13,9
89,"213141",2,1,3,14,19
64,"213144",2,1,3,14,17
90,"213142",2,1,3,14,18
82,"213151",2,1,3,15,19
90,"213153",2,1,3,15,15
66,"22311",2,2,3,1,9
72,"22312",2,2,3,1,21
61,"22313",2,2,3,1,14
100,"22324",2,2,3,2,10
66,"22323",2,2,3,2,11
71,"22321",2,2,3,2,12
89,"22322",2,2,3,2,25
95,"22331",2,2,3,3,11
94,"22334",2,2,3,3,16
94,"22332",2,2,3,3,14
71,"22333",2,2,3,3,20
90,"22341",2,2,3,4,7
100,"22342",2,2,3,4,8
95,"22351",2,2,3,5,16
82,"22352",2,2,3,5,18
71,"22354",2,2,3,5,7
90,"22353",2,2,3,5,12
92,"22364",2,2,3,6,17
81,"22362",2,2,3,6,15
61,"22361",2,2,3,6,20
72,"22374",2,2,3,7,11
80,"22373",2,2,3,7,13
82,"22372",2,2,3,7,12
72,"22383",2,2,3,8,9
71,"22382",2,2,3,8,10
94,"22384",2,2,3,8,12
71,"22391",2,2,3,9,7
100,"22392",2,2,3,9,20
66,"22394",2,2,3,9,15
66,"223104",2,2,3,10,7
72,"223103",2,2,3,10,9
82,"223111",2,2,3,11,14
90,"223112",2,2,3,11,16
63,"223113",2,2,3,11,17
66,"223124",2,2,3,12,15
63,"223121",2,2,3,12,14
95,"223131",2,2,3,13,19
61,"223142",2,2,3,14,13
64,"223141",2,2,3,14,12
61,"223151",2,2,3,15,21
61,"223152",2,2,3,15,15
64,"223153",2,2,3,15,19
34,"11411",1,1,3,1,3
42,"11412",1,1,3,1,25
29,"11413",1,1,3,1,15
41,"11421",1,1,3,2,22
2,"11434",1,1,3,3,18
27,"11431",1,1,3,3,10
21,"11443",1,1,3,4,NA
42,"11444",1,1,3,4,17
50,"11451",1,1,3,5,10
42,"11453",1,1,3,5,17
13,"11454",1,1,3,5,15
12,"11463",1,1,3,6,16
2,"11461",1,1,3,6,22
46,"11471",1,1,3,7,15
17,"11474",1,1,3,7,16
21,"11472",1,1,3,7,10
12,"11484",1,1,3,8,15
29,"11481",1,1,3,8,14
42,"11493",1,1,4,9,20
13,"11492",1,1,4,9,15
18,"11494",1,1,4,9,17
29,"114101",1,1,4,10,9
33,"114104",1,1,4,10,12
34,"114103",1,1,4,10,12
31,"114102",1,1,4,10,9
2,"114114",1,1,4,11,13
17,"114113",1,1,4,11,14
33,"114124",1,1,4,12,17
31,"114122",1,1,4,12,9
42,"114131",1,1,4,13,19
13,"114133",1,1,4,13,15
12,"114132",1,1,4,13,19
13,"114142",1,1,4,14,17
2,"114154",1,1,4,15,12
10,"114153",1,1,4,15,16
29,"12411",1,2,4,1,23
18,"12413",1,2,4,1,9
13,"12422",1,2,4,2,22
10,"12424",1,2,4,2,25
34,"12433",1,2,4,3,12
14,"12434",1,2,4,3,11
12,"12444",1,2,4,4,13
50,"12443",1,2,4,4,NA
17,"12441",1,2,4,4,4
36,"12454",1,2,4,5,7
10,"12453",1,2,4,5,19
17,"12452",1,2,4,5,4
12,"12463",1,2,4,6,12
12,"12462",1,2,4,6,21
34,"12473",1,2,4,7,11
34,"12482",1,2,4,8,13
29,"12491",1,2,4,9,14
31,"12493",1,2,4,9,5
42,"124101",1,2,4,10,14
31,"124104",1,2,4,10,7
46,"124114",1,2,4,11,12
10,"124113",1,2,4,11,10
42,"124111",1,2,4,11,15
29,"124112",1,2,4,11,24
36,"124123",1,2,4,12,8
31,"124124",1,2,4,12,10
12,"124134",1,2,4,13,24
8,"124133",1,2,4,13,13
21,"124141",1,2,4,14,15
2,"124144",1,2,4,14,7
33,"124153",1,2,4,15,9
35,"124154",1,2,4,15,8
8,"124152",1,2,4,15,14
74,"21413",2,1,4,1,12
82,"21414",2,1,4,1,12
100,"21412",2,1,4,1,17
71,"21422",2,1,4,2,14
100,"21424",2,1,4,2,13
63,"21421",2,1,4,2,19
95,"21432",2,1,4,3,9
67,"21433",2,1,4,3,14
98,"21431",2,1,4,3,22
82,"21444",2,1,4,4,NA
76,"21443",2,1,4,4,8
64,"21441",2,1,4,4,11
74,"21442",2,1,4,4,8
64,"21452",2,1,4,5,17
66,"21453",2,1,4,5,8
90,"21461",2,1,4,6,NA
92,"21464",2,1,4,6,20
100,"21462",2,1,4,6,16
92,"21463",2,1,4,6,22
90,"21474",2,1,4,7,21
88,"21472",2,1,4,7,10
95,"21471",2,1,4,7,18
66,"21484",2,1,4,8,14
67,"21481",2,1,4,8,12
80,"21482",2,1,4,8,15
67,"21493",2,1,4,9,17
82,"21494",2,1,4,9,NA
71,"214104",2,1,4,10,8
67,"214103",2,1,4,10,12
82,"214102",2,1,4,10,14
92,"214101",2,1,4,10,17
74,"214114",2,1,4,11,10
98,"214121",2,1,4,12,13
66,"214123",2,1,4,12,12
64,"214132",2,1,4,13,18
67,"214134",2,1,4,13,11
95,"214143",2,1,4,14,20
89,"214141",2,1,4,14,12
66,"214144",2,1,4,14,22
80,"214142",2,1,4,14,12
61,"214151",2,1,4,15,17
76,"214153",2,1,4,15,3
67,"22414",2,2,4,1,8
66,"22413",2,2,4,1,7
67,"22411",2,2,4,1,13
61,"22424",2,2,4,2,16
66,"22423",2,2,4,2,17
95,"22432",2,2,4,3,15
100,"22434",2,2,4,3,15
89,"22431",2,2,4,3,11
74,"22433",2,2,4,3,7
90,"22444",2,2,4,4,14
82,"22443",2,2,4,4,14
63,"22453",2,2,4,5,20
61,"22454",2,2,4,5,15
82,"22462",2,2,4,6,16
74,"22463",2,2,4,6,12
64,"22461",2,2,4,6,19
98,"22474",2,2,4,7,5
95,"22471",2,2,4,7,12
72,"22473",2,2,4,7,19
81,"22481",2,2,4,8,10
92,"22484",2,2,4,8,10
100,"22483",2,2,4,8,16
71,"22494",2,2,4,9,12
64,"22491",2,2,4,9,12
72,"224102",2,2,4,10,7
89,"224103",2,2,4,10,12
100,"224104",2,2,4,10,17
63,"224111",2,2,4,11,16
89,"224113",2,2,4,11,20
81,"224114",2,2,4,11,5
76,"224112",2,2,4,11,11
98,"224123",2,2,4,12,10
100,"224134",2,2,4,13,8
82,"224133",2,2,4,13,9
71,"224144",2,2,4,14,11
80,"224142",2,2,4,14,12
100,"224143",2,2,4,14,16
67,"224154",2,2,4,15,15
66,"224153",2,2,4,15,9
71,"224152",2,2,4,15,11
8,"11511",1,1,4,1,22
31,"11513",1,1,4,1,12
35,"11523",1,1,4,2,16
41,"11521",1,1,4,2,9
42,"11532",1,1,4,3,25
2,"11543",1,1,4,4,6
36,"11544",1,1,4,4,7
31,"11541",1,1,4,4,9
41,"11551",1,1,4,5,13
46,"11554",1,1,4,5,15
46,"11562",1,1,4,6,15
8,"11561",1,1,4,6,18
14,"11564",1,1,4,6,22
8,"11563",1,1,4,6,24
21,"11573",1,1,4,7,14
36,"11572",1,1,4,7,5
27,"11574",1,1,4,7,18
21,"11571",1,1,4,7,20
18,"11583",1,1,5,8,16
33,"11592",1,1,5,9,14
35,"11594",1,1,5,9,19
12,"115101",1,1,5,10,8
41,"115104",1,1,5,10,6
2,"115123",1,1,5,12,5
46,"115124",1,1,5,12,12
46,"115121",1,1,5,12,14
42,"115132",1,1,5,13,23
10,"115133",1,1,5,13,13
17,"115134",1,1,5,13,10
50,"115131",1,1,5,13,15
36,"115142",1,1,5,14,12
29,"115144",1,1,5,14,22
35,"115141",1,1,5,14,18
35,"115153",1,1,5,15,15
2,"115154",1,1,5,15,16
31,"115152",1,1,5,15,10
17,"12514",1,2,5,1,12
34,"12511",1,2,5,1,14
10,"12523",1,2,5,2,13
34,"12524",1,2,5,2,22
46,"12521",1,2,5,2,13
46,"12522",1,2,5,2,12
18,"12533",1,2,5,3,20
17,"12531",1,2,5,3,15
41,"12532",1,2,5,3,17
14,"12542",1,2,5,4,6
35,"12543",1,2,5,4,12
31,"12541",1,2,5,4,10
10,"12551",1,2,5,5,13
29,"12564",1,2,5,6,24
42,"12562",1,2,5,6,25
29,"12563",1,2,5,6,21
46,"12572",1,2,5,7,13
33,"12574",1,2,5,7,11
33,"12571",1,2,5,7,16
8,"12581",1,2,5,8,16
13,"12584",1,2,5,8,12
34,"12594",1,2,5,9,13
46,"12591",1,2,5,9,19
12,"125103",1,2,5,10,10
13,"125104",1,2,5,10,14
21,"125102",1,2,5,10,9
17,"125111",1,2,5,11,14
17,"125112",1,2,5,11,10
42,"125122",1,2,5,12,16
34,"125123",1,2,5,12,9
2,"125124",1,2,5,12,20
14,"125134",1,2,5,13,9
8,"125131",1,2,5,13,16
50,"125133",1,2,5,13,14
18,"125143",1,2,5,14,18
42,"125142",1,2,5,14,25
46,"125141",1,2,5,14,NA
35,"125153",1,2,5,15,15
71,"21514",2,1,5,1,9
88,"21512",2,1,5,1,12
74,"21511",2,1,5,1,12
90,"21513",2,1,5,1,13
66,"21521",2,1,5,2,12
76,"21531",2,1,5,3,16
67,"21533",2,1,5,3,12
98,"21544",2,1,5,4,11
94,"21542",2,1,5,4,15
100,"21541",2,1,5,4,11
74,"21543",2,1,5,4,12
61,"21554",2,1,5,5,23
71,"21552",2,1,5,5,14
76,"21551",2,1,5,5,10
98,"21562",2,1,5,6,15
95,"21561",2,1,5,6,18
61,"21574",2,1,5,7,17
64,"21571",2,1,5,7,19
90,"21573",2,1,5,7,17
98,"21584",2,1,5,8,10
89,"21582",2,1,5,8,17
74,"21583",2,1,5,8,15
92,"21591",2,1,5,9,17
66,"21594",2,1,5,9,23
64,"215103",2,1,5,10,17
100,"215104",2,1,5,10,11
90,"215102",2,1,5,10,12
72,"215114",2,1,5,11,11
81,"215112",2,1,5,11,15
92,"215123",2,1,5,12,14
98,"215122",2,1,5,12,19
94,"215132",2,1,5,13,23
80,"215131",2,1,5,13,22
63,"215143",2,1,5,14,18
89,"215151",2,1,5,15,19
100,"215153",2,1,5,15,22
66,"215152",2,1,5,15,11
80,"215154",2,1,5,15,14
98,"22513",2,2,5,1,18
90,"22514",2,2,5,1,13
100,"22521",2,2,5,2,22
63,"22524",2,2,5,2,22
81,"22531",2,2,5,3,13
63,"22532",2,2,5,3,18
63,"22534",2,2,5,3,16
72,"22533",2,2,5,3,10
67,"22544",2,2,5,4,13
92,"22541",2,2,5,4,15
80,"22542",2,2,5,4,14
98,"22554",2,2,5,5,19
90,"22563",2,2,5,6,20
95,"22561",2,2,5,6,10
63,"22573",2,2,5,7,14
61,"22571",2,2,5,7,19
67,"22581",2,2,5,8,8
95,"22582",2,2,5,8,15
88,"22584",2,2,5,8,16
63,"22594",2,2,5,9,16
71,"22593",2,2,5,9,16
72,"225101",2,2,5,10,8
89,"225104",2,2,5,10,16
90,"225114",2,2,5,11,14
92,"225111",2,2,5,11,15
98,"225124",2,2,5,12,12
90,"225122",2,2,5,12,23
64,"225121",2,2,5,12,12
72,"225131",2,2,5,13,18
82,"225132",2,2,5,13,19
61,"225134",2,2,5,13,14
71,"225142",2,2,5,14,15
80,"225152",2,2,5,15,18
80,"225153",2,2,5,15,13
92,"225154",2,2,5,15,23
17,"11614",1,1,5,1,13
18,"11613",1,1,5,1,12
29,"11623",1,1,5,2,19
34,"11624",1,1,5,2,12
10,"11622",1,1,5,2,18
13,"11633",1,1,5,3,18
36,"11641",1,1,5,4,12
8,"11642",1,1,5,4,7
42,"11651",1,1,5,5,21
35,"11653",1,1,5,5,14
36,"11652",1,1,5,5,12
41,"11661",1,1,5,6,17
10,"11664",1,1,5,6,18
34,"11663",1,1,5,6,14
10,"11674",1,1,5,7,15
50,"11672",1,1,5,7,16
12,"11673",1,1,5,7,11
27,"11683",1,1,5,8,NA
41,"11681",1,1,5,8,9
50,"11693",1,1,5,9,17
42,"11694",1,1,5,9,14
14,"11691",1,1,6,9,9
34,"116102",1,1,6,10,16
41,"116103",1,1,6,10,10
36,"116104",1,1,6,10,7
31,"116114",1,1,6,11,12
29,"116111",1,1,6,11,14
50,"116112",1,1,6,11,20
21,"116121",1,1,6,12,NA
35,"116134",1,1,6,13,13
17,"116133",1,1,6,13,11
17,"116132",1,1,6,13,17
2,"116142",1,1,6,14,17
14,"116144",1,1,6,14,15
46,"116154",1,1,6,15,11
13,"116153",1,1,6,15,16
13,"12613",1,2,6,1,7
8,"12611",1,2,6,1,25
21,"12612",1,2,6,1,20
8,"12622",1,2,6,2,19
8,"12632",1,2,6,3,22
8,"12634",1,2,6,3,18
33,"12643",1,2,6,4,12
12,"12642",1,2,6,4,22
41,"12641",1,2,6,4,7
41,"12651",1,2,6,5,11
36,"12653",1,2,6,5,9
36,"12654",1,2,6,5,11
8,"12652",1,2,6,5,11
42,"12662",1,2,6,6,15
17,"12661",1,2,6,6,15
33,"12672",1,2,6,7,20
42,"12673",1,2,6,7,18
17,"12674",1,2,6,7,8
8,"12684",1,2,6,8,15
13,"12681",1,2,6,8,18
34,"12682",1,2,6,8,4
2,"12693",1,2,6,9,6
34,"12694",1,2,6,9,14
35,"12692",1,2,6,9,13
14,"12691",1,2,6,9,16
29,"126103",1,2,6,10,24
41,"126102",1,2,6,10,11
10,"126114",1,2,6,11,17
12,"126113",1,2,6,11,19
29,"126124",1,2,6,12,14
31,"126121",1,2,6,12,6
31,"126122",1,2,6,12,8
8,"126143",1,2,6,14,25
18,"126152",1,2,6,15,17
8,"126153",1,2,6,15,7
35,"126151",1,2,6,15,17
98,"21612",2,1,6,1,20
66,"21611",2,1,6,1,15
89,"21623",2,1,6,2,14
76,"21624",2,1,6,2,14
95,"21622",2,1,6,2,19
100,"21634",2,1,6,3,23
76,"21632",2,1,6,3,7
100,"21631",2,1,6,3,20
81,"21642",2,1,6,4,7
74,"21641",2,1,6,4,8
100,"21654",2,1,6,5,NA
98,"21653",2,1,6,5,20
90,"21652",2,1,6,5,25
88,"21673",2,1,6,7,19
64,"21674",2,1,6,7,NA
72,"21672",2,1,6,7,11
74,"21684",2,1,6,8,8
89,"21681",2,1,6,8,11
76,"21682",2,1,6,8,16
98,"21683",2,1,6,8,8
82,"21693",2,1,6,9,19
81,"21692",2,1,6,9,4
94,"21691",2,1,6,9,8
81,"216101",2,1,6,10,8
100,"216112",2,1,6,11,9
74,"216114",2,1,6,11,10
74,"216124",2,1,6,12,12
89,"216122",2,1,6,12,18
80,"216123",2,1,6,12,13
100,"216132",2,1,6,13,25
95,"216131",2,1,6,13,NA
100,"216133",2,1,6,13,17
90,"216143",2,1,6,14,17
98,"216142",2,1,6,14,13
92,"216153",2,1,6,15,11
61,"22614",2,2,6,1,16
82,"22613",2,2,6,1,17
74,"22611",2,2,6,1,16
92,"22624",2,2,6,2,16
67,"22622",2,2,6,2,20
88,"22623",2,2,6,2,21
71,"22633",2,2,6,3,15
61,"22631",2,2,6,3,15
63,"22644",2,2,6,4,13
88,"22642",2,2,6,4,12
61,"22643",2,2,6,4,12
92,"22641",2,2,6,4,9
74,"22651",2,2,6,5,13
88,"22652",2,2,6,5,NA
80,"22654",2,2,6,5,22
63,"22664",2,2,6,6,24
72,"22661",2,2,6,6,13
66,"22663",2,2,6,6,19
61,"22673",2,2,6,7,17
64,"22674",2,2,6,7,10
89,"22681",2,2,6,8,13
94,"22684",2,2,6,8,NA
80,"22682",2,2,6,8,10
66,"22683",2,2,6,8,6
94,"22694",2,2,6,9,7
94,"22691",2,2,6,9,11
89,"226101",2,2,6,10,13
81,"226111",2,2,6,11,11
90,"226113",2,2,6,11,24
67,"226122",2,2,6,12,14
82,"226121",2,2,6,12,12
63,"226124",2,2,6,12,15
81,"226133",2,2,6,13,6
92,"226134",2,2,6,13,18
63,"226132",2,2,6,13,15
94,"226141",2,2,6,14,16
98,"226143",2,2,6,14,11
76,"226152",2,2,6,15,12
76,"226154",2,2,6,15,14
13,"11712",1,1,6,1,15
27,"11713",1,1,6,1,14
14,"11714",1,1,6,1,16
42,"11711",1,1,6,1,15
29,"11724",1,1,6,2,25
50,"11723",1,1,6,2,13
27,"11722",1,1,6,2,23
36,"11721",1,1,6,2,9
42,"11733",1,1,6,3,23
50,"11731",1,1,6,3,13
33,"11732",1,1,6,3,17
8,"11742",1,1,6,4,20
46,"11744",1,1,6,4,6
14,"11751",1,1,6,5,13
41,"11752",1,1,6,5,16
35,"11754",1,1,6,5,13
21,"11763",1,1,6,6,23
29,"11762",1,1,6,6,22
42,"11764",1,1,6,6,25
14,"11774",1,1,6,7,13
34,"11773",1,1,6,7,14
12,"11782",1,1,6,8,14
8,"11784",1,1,6,8,25
17,"11792",1,1,6,9,9
42,"11791",1,1,6,9,20
46,"117103",1,1,7,10,17
33,"117101",1,1,7,10,17
46,"117102",1,1,7,10,15
17,"117104",1,1,7,10,5
33,"117113",1,1,7,11,21
27,"117112",1,1,7,11,18
12,"117111",1,1,7,11,13
50,"117122",1,1,7,12,14
13,"117121",1,1,7,12,12
2,"117124",1,1,7,12,2
10,"117123",1,1,7,12,16
35,"117134",1,1,7,13,18
18,"117132",1,1,7,13,14
8,"117133",1,1,7,13,20
46,"117141",1,1,7,14,19
17,"117143",1,1,7,14,21
41,"117142",1,1,7,14,16
17,"117153",1,1,7,15,10
42,"117154",1,1,7,15,20
36,"117152",1,1,7,15,9
27,"117151",1,1,7,15,15
8,"12711",1,2,7,1,12
36,"12714",1,2,7,1,9
46,"12712",1,2,7,1,20
33,"12724",1,2,7,2,25
50,"12721",1,2,7,2,25
12,"12722",1,2,7,2,NA
33,"12723",1,2,7,2,23
14,"12734",1,2,7,3,14
14,"12733",1,2,7,3,25
50,"12744",1,2,7,4,17
35,"12743",1,2,7,4,11
35,"12742",1,2,7,4,13
33,"12754",1,2,7,5,19
12,"12751",1,2,7,5,19
2,"12753",1,2,7,5,18
27,"12763",1,2,7,6,18
29,"12764",1,2,7,6,25
29,"12761",1,2,7,6,25
14,"12773",1,2,7,7,22
34,"12774",1,2,7,7,13
2,"12784",1,2,7,8,11
33,"12782",1,2,7,8,9
2,"12783",1,2,7,8,8
17,"12781",1,2,7,8,4
31,"12794",1,2,7,9,7
29,"12793",1,2,7,9,NA
10,"12792",1,2,7,9,14
31,"127114",1,2,7,11,16
8,"127122",1,2,7,12,15
12,"127124",1,2,7,12,24
8,"127133",1,2,7,13,15
41,"127131",1,2,7,13,14
2,"127142",1,2,7,14,17
18,"127143",1,2,7,14,20
41,"127141",1,2,7,14,17
10,"127144",1,2,7,14,14
27,"127154",1,2,7,15,17
33,"127151",1,2,7,15,17
12,"127152",1,2,7,15,15
13,"127153",1,2,7,15,17
66,"21714",2,1,7,1,12
74,"21712",2,1,7,1,13
100,"21711",2,1,7,1,8
74,"21713",2,1,7,1,16
89,"21724",2,1,7,2,18
89,"21723",2,1,7,2,13
66,"21721",2,1,7,2,23
81,"21722",2,1,7,2,14
67,"21731",2,1,7,3,11
71,"21732",2,1,7,3,14
92,"21733",2,1,7,3,17
89,"21743",2,1,7,4,11
95,"21754",2,1,7,5,15
64,"21751",2,1,7,5,16
63,"21764",2,1,7,6,17
89,"21763",2,1,7,6,16
61,"21774",2,1,7,7,16
80,"21772",2,1,7,7,14
66,"21773",2,1,7,7,12
76,"21782",2,1,7,8,13
61,"21783",2,1,7,8,16
92,"21794",2,1,7,9,15
88,"21792",2,1,7,9,14
74,"21793",2,1,7,9,14
100,"21791",2,1,7,9,17
90,"217101",2,1,7,10,9
71,"217104",2,1,7,10,7
98,"217102",2,1,7,10,18
90,"217114",2,1,7,11,17
72,"217111",2,1,7,11,11
80,"217113",2,1,7,11,15
98,"217124",2,1,7,12,10
76,"217123",2,1,7,12,NA
88,"217121",2,1,7,12,14
94,"217134",2,1,7,13,16
64,"217132",2,1,7,13,9
76,"217131",2,1,7,13,16
67,"217141",2,1,7,14,22
100,"217142",2,1,7,14,22
98,"217144",2,1,7,14,7
71,"217143",2,1,7,14,15
82,"217152",2,1,7,15,20
81,"217153",2,1,7,15,18
71,"22712",2,2,7,1,19
72,"22723",2,2,7,2,14
80,"22721",2,2,7,2,19
90,"22732",2,2,7,3,17
88,"22731",2,2,7,3,17
71,"22733",2,2,7,3,19
98,"22742",2,2,7,4,15
94,"22743",2,2,7,4,10
82,"22753",2,2,7,5,13
80,"22754",2,2,7,5,15
89,"22763",2,2,7,6,21
64,"22761",2,2,7,6,13
100,"22772",2,2,7,7,13
72,"22774",2,2,7,7,7
74,"22771",2,2,7,7,16
94,"22773",2,2,7,7,9
82,"22784",2,2,7,8,11
100,"22783",2,2,7,8,18
100,"22781",2,2,7,8,11
74,"22782",2,2,7,8,11
66,"22793",2,2,7,9,14
71,"22791",2,2,7,9,13
100,"22794",2,2,7,9,16
92,"22792",2,2,7,9,9
76,"227101",2,2,7,10,9
80,"227102",2,2,7,10,16
72,"227103",2,2,7,10,12
74,"227104",2,2,7,10,16
74,"227111",2,2,7,11,14
88,"227112",2,2,7,11,12
63,"227123",2,2,7,12,8
94,"227121",2,2,7,12,12
74,"227133",2,2,7,13,7
63,"227134",2,2,7,13,19
95,"227131",2,2,7,13,13
94,"227132",2,2,7,13,19
89,"227143",2,2,7,14,15
71,"227144",2,2,7,14,16
74,"227141",2,2,7,14,10
71,"227142",2,2,7,14,17
94,"227153",2,2,7,15,14
80,"227154",2,2,7,15,20
63,"227151",2,2,7,15,10
27,"11812",1,1,7,1,7
42,"11813",1,1,7,1,17
41,"11821",1,1,7,2,19
10,"11824",1,1,8,2,17
29,"11831",1,1,8,3,16
17,"11833",1,1,8,3,8
10,"11834",1,1,8,3,16
12,"11832",1,1,8,3,17
50,"11843",1,1,8,4,10
50,"11841",1,1,8,4,3
35,"11844",1,1,8,4,11
46,"11842",1,1,8,4,7
33,"11853",1,1,8,5,14
31,"11854",1,1,8,5,6
17,"11851",1,1,8,5,8
8,"11862",1,1,8,6,15
18,"11864",1,1,8,6,NA
21,"11861",1,1,8,6,17
36,"11873",1,1,8,7,6
27,"11874",1,1,8,7,10
46,"11872",1,1,8,7,7
14,"11871",1,1,8,7,8
50,"11884",1,1,8,8,8
35,"11883",1,1,8,8,8
2,"11882",1,1,8,8,5
13,"11881",1,1,8,8,14
17,"11894",1,1,8,9,6
33,"11891",1,1,8,9,10
35,"11892",1,1,8,9,17
27,"118103",1,1,8,10,13
41,"118104",1,1,8,10,8
33,"118113",1,1,8,11,12
50,"118114",1,1,8,11,18
33,"118111",1,1,8,11,10
42,"118112",1,1,8,11,NA
17,"118124",1,1,8,12,4
18,"118123",1,1,8,12,16
2,"118133",1,1,8,13,8
17,"118141",1,1,8,14,14
17,"118142",1,1,8,14,7
12,"118153",1,1,8,15,18
50,"118152",1,1,8,15,15
41,"12811",1,2,8,1,3
50,"12813",1,2,8,1,13
14,"12823",1,2,8,2,14
8,"12824",1,2,8,2,23
17,"12821",1,2,8,2,9
27,"12822",1,2,8,2,11
13,"12832",1,2,8,3,12
8,"12833",1,2,8,3,11
41,"12841",1,2,8,4,11
18,"12844",1,2,8,4,17
14,"12842",1,2,8,4,9
36,"12852",1,2,8,5,7
13,"12853",1,2,8,5,8
41,"12863",1,2,8,6,14
41,"12861",1,2,8,6,7
18,"12862",1,2,8,6,15
33,"12883",1,2,8,8,9
27,"12884",1,2,8,8,7
13,"12882",1,2,8,8,8
27,"12892",1,2,8,9,14
50,"12894",1,2,8,9,8
41,"128103",1,2,8,10,4
13,"128104",1,2,8,10,10
27,"128114",1,2,8,11,8
14,"128112",1,2,8,11,9
27,"128113",1,2,8,11,13
12,"128124",1,2,8,12,7
17,"128122",1,2,8,12,8
12,"128123",1,2,8,12,7
41,"128134",1,2,8,13,7
50,"128131",1,2,8,13,18
13,"128143",1,2,8,14,13
2,"128151",1,2,8,15,6
34,"128153",1,2,8,15,10
10,"128154",1,2,8,15,13
82,"21811",2,1,8,1,14
71,"21813",2,1,8,1,5
90,"21822",2,1,8,2,23
76,"21824",2,1,8,2,14
89,"21823",2,1,8,2,20
81,"21833",2,1,8,3,5
66,"21831",2,1,8,3,17
82,"21834",2,1,8,3,14
61,"21832",2,1,8,3,11
90,"21844",2,1,8,4,9
88,"21853",2,1,8,5,12
88,"21852",2,1,8,5,15
82,"21851",2,1,8,5,13
80,"21861",2,1,8,6,21
92,"21863",2,1,8,6,15
95,"21862",2,1,8,6,11
90,"21864",2,1,8,6,13
89,"21872",2,1,8,7,6
67,"21871",2,1,8,7,8
94,"21883",2,1,8,8,8
82,"21884",2,1,8,8,10
61,"21893",2,1,8,9,8
88,"21892",2,1,8,9,15
98,"21891",2,1,8,9,12
100,"218104",2,1,8,10,7
95,"218103",2,1,8,10,17
61,"218102",2,1,8,10,7
82,"218114",2,1,8,11,NA
98,"218113",2,1,8,11,12
82,"218111",2,1,8,11,12
74,"218112",2,1,8,11,11
67,"218124",2,1,8,12,11
100,"218121",2,1,8,12,10
64,"218123",2,1,8,12,9
66,"218133",2,1,8,13,11
88,"218132",2,1,8,13,8
80,"218144",2,1,8,14,14
94,"218152",2,1,8,15,13
71,"218153",2,1,8,15,14
63,"22811",2,2,8,1,10
71,"22814",2,2,8,1,8
92,"22813",2,2,8,1,9
88,"22812",2,2,8,1,14
66,"22823",2,2,8,2,13
64,"22824",2,2,8,2,17
100,"22822",2,2,8,2,13
94,"22834",2,2,8,3,NA
66,"22832",2,2,8,3,8
76,"22843",2,2,8,4,8
88,"22842",2,2,8,4,18
82,"22853",2,2,8,5,13
92,"22851",2,2,8,5,11
76,"22861",2,2,8,6,10
76,"22862",2,2,8,6,19
92,"22864",2,2,8,6,11
72,"22873",2,2,8,7,3
89,"22872",2,2,8,7,12
81,"22881",2,2,8,8,9
67,"22883",2,2,8,8,6
90,"22894",2,2,8,9,8
76,"22892",2,2,8,9,10
95,"22891",2,2,8,9,NA
76,"22893",2,2,8,9,5
64,"228103",2,2,8,10,8
72,"228102",2,2,8,10,NA
74,"228111",2,2,8,11,14
76,"228112",2,2,8,11,15
76,"228124",2,2,8,12,5
82,"228131",2,2,8,13,14
98,"228133",2,2,8,13,11
64,"228144",2,2,8,14,13
81,"228141",2,2,8,14,10
89,"228143",2,2,8,14,13
61,"228142",2,2,8,14,10
76,"228151",2,2,8,15,8
89,"228152",2,2,8,15,8
42,"11913",1,1,9,1,20
10,"11911",1,1,9,1,12
42,"11912",1,1,9,1,13
33,"11914",1,1,9,1,12
2,"11921",1,1,9,2,14
27,"11933",1,1,9,3,21
18,"11931",1,1,9,3,17
41,"11942",1,1,9,4,11
29,"11943",1,1,9,4,12
18,"11944",1,1,9,4,8
17,"11954",1,1,9,5,9
36,"11953",1,1,9,5,15
8,"11952",1,1,9,5,22
41,"11951",1,1,9,5,11
8,"11962",1,1,9,6,17
35,"11973",1,1,9,7,11
13,"11971",1,1,9,7,14
33,"11974",1,1,9,7,15
14,"11981",1,1,9,8,15
8,"11984",1,1,9,8,16
8,"11982",1,1,9,8,16
18,"11992",1,1,9,9,18
34,"11991",1,1,9,9,13
10,"119103",1,1,9,10,14
17,"119101",1,1,9,10,8
17,"119104",1,1,9,10,4
18,"119112",1,1,9,11,23
8,"119111",1,1,9,11,18
42,"119114",1,1,9,11,22
27,"119124",1,1,9,12,15
46,"119133",1,1,9,13,17
2,"119144",1,1,9,14,25
36,"119142",1,1,9,14,6
14,"119143",1,1,9,14,9
46,"119141",1,1,9,14,17
21,"119151",1,1,9,15,19
35,"119154",1,1,9,15,21
36,"119152",1,1,9,15,5
10,"12914",1,2,9,1,12
13,"12912",1,2,9,1,18
46,"12911",1,2,9,1,17
36,"12921",1,2,9,2,17
10,"12924",1,2,9,2,14
10,"12934",1,2,9,3,17
2,"12933",1,2,9,3,12
27,"12943",1,2,9,4,10
8,"12954",1,2,9,5,21
12,"12953",1,2,9,5,14
10,"12962",1,2,9,6,16
13,"12963",1,2,9,6,19
27,"12972",1,2,9,7,17
41,"12974",1,2,9,7,9
17,"12973",1,2,9,7,13
50,"12982",1,2,9,8,17
12,"12981",1,2,9,8,16
31,"12983",1,2,9,8,13
29,"12994",1,2,9,9,12
27,"12993",1,2,9,9,11
50,"12991",1,2,9,9,12
18,"129103",1,2,9,10,8
10,"129102",1,2,9,10,18
42,"129101",1,2,9,10,13
21,"129104",1,2,9,10,14
36,"129114",1,2,9,11,8
8,"129113",1,2,9,11,22
12,"129111",1,2,9,11,17
13,"129124",1,2,9,12,10
42,"129134",1,2,9,13,13
27,"129132",1,2,9,13,17
27,"129133",1,2,9,13,9
50,"129131",1,2,9,13,24
41,"129141",1,2,9,14,14
50,"129143",1,2,9,14,12
13,"129154",1,2,9,15,10
21,"129152",1,2,9,15,NA
66,"21914",2,1,9,1,13
76,"21912",2,1,9,1,15
74,"21911",2,1,9,1,13
98,"21922",2,1,9,2,18
90,"21921",2,1,9,2,23
98,"21923",2,1,9,2,5
94,"21931",2,1,9,3,15
72,"21944",2,1,9,4,14
94,"21941",2,1,9,4,13
92,"21942",2,1,9,4,15
98,"21943",2,1,9,4,13
74,"21951",2,1,9,5,11
61,"21953",2,1,9,5,12
90,"21954",2,1,9,5,8
80,"21962",2,1,9,6,19
64,"21961",2,1,9,6,16
76,"21964",2,1,9,6,14
81,"21974",2,1,9,7,7
63,"21981",2,1,9,8,9
64,"21984",2,1,9,8,14
63,"21983",2,1,9,8,15
76,"21982",2,1,9,8,11
90,"21991",2,1,9,9,14
98,"219102",2,1,9,10,15
72,"219101",2,1,9,10,8
90,"219103",2,1,9,10,17
100,"219114",2,1,9,11,20
80,"219112",2,1,9,11,12
88,"219111",2,1,9,11,17
98,"219124",2,1,9,12,21
63,"219121",2,1,9,12,11
88,"219132",2,1,9,13,20
81,"219134",2,1,9,13,15
94,"219133",2,1,9,13,20
88,"219131",2,1,9,13,25
95,"219142",2,1,9,14,14
89,"219151",2,1,9,15,12
72,"219153",2,1,9,15,10
94,"219154",2,1,9,15,11
98,"22911",2,2,9,1,15
76,"22912",2,2,9,1,10
89,"22924",2,2,9,2,18
76,"22931",2,2,9,3,16
76,"22934",2,2,9,3,12
72,"22933",2,2,9,3,9
92,"22941",2,2,9,4,12
95,"22942",2,2,9,4,18
98,"22944",2,2,9,4,8
90,"22954",2,2,9,5,18
95,"22952",2,2,9,5,17
95,"22953",2,2,9,5,11
81,"22964",2,2,9,6,20
74,"22961",2,2,9,6,15
63,"22972",2,2,9,7,15
81,"22982",2,2,9,8,12
98,"22994",2,2,9,9,9
82,"22992",2,2,9,9,15
82,"229102",2,2,9,10,7
94,"229103",2,2,9,10,NA
66,"229101",2,2,9,10,9
64,"229113",2,2,9,11,16
66,"229114",2,2,9,11,8
100,"229121",2,2,9,12,17
89,"229124",2,2,9,12,13
94,"229122",2,2,9,12,15
67,"229133",2,2,9,13,18
81,"229134",2,2,9,13,NA
72,"229142",2,2,9,14,12
89,"229144",2,2,9,14,16
88,"229152",2,2,9,15,16
100,"229151",2,2,9,15,21
29,"111013",1,1,9,1,10
2,"111011",1,1,9,1,11
46,"111023",1,1,9,2,19
12,"111021",1,1,9,2,25
50,"111034",1,1,10,3,19
50,"111032",1,1,10,3,22
29,"111031",1,1,10,3,17
41,"111033",1,1,10,3,12
21,"111041",1,1,10,4,14
31,"111043",1,1,10,4,13
21,"111051",1,1,10,5,15
31,"111052",1,1,10,5,14
42,"111054",1,1,10,5,15
34,"111064",1,1,10,6,17
36,"111062",1,1,10,6,11
27,"111073",1,1,10,7,23
50,"111074",1,1,10,7,14
34,"111081",1,1,10,8,18
42,"111082",1,1,10,8,22
8,"111092",1,1,10,9,10
18,"111093",1,1,10,9,16
21,"1110101",1,1,10,10,20
42,"1110104",1,1,10,10,23
21,"1110114",1,1,10,11,17
17,"1110112",1,1,10,11,14
18,"1110111",1,1,10,11,16
17,"1110122",1,1,10,12,16
13,"1110123",1,1,10,12,12
17,"1110121",1,1,10,12,13
14,"1110124",1,1,10,12,10
14,"1110131",1,1,10,13,15
33,"1110132",1,1,10,13,22
8,"1110133",1,1,10,13,17
2,"1110134",1,1,10,13,12
42,"1110142",1,1,10,14,25
12,"1110152",1,1,10,15,13
8,"1110153",1,1,10,15,24
34,"121014",1,2,10,1,18
41,"121013",1,2,10,1,9
29,"121023",1,2,10,2,20
17,"121024",1,2,10,2,15
14,"121021",1,2,10,2,22
41,"121033",1,2,10,3,15
33,"121032",1,2,10,3,11
31,"121031",1,2,10,3,18
33,"121034",1,2,10,3,21
14,"121044",1,2,10,4,11
42,"121042",1,2,10,4,18
10,"121052",1,2,10,5,17
14,"121054",1,2,10,5,12
18,"121051",1,2,10,5,10
13,"121053",1,2,10,5,15
41,"121063",1,2,10,6,21
46,"121061",1,2,10,6,18
10,"121071",1,2,10,7,NA
14,"121074",1,2,10,7,12
36,"121073",1,2,10,7,10
33,"121082",1,2,10,8,14
14,"121084",1,2,10,8,14
14,"121083",1,2,10,8,8
33,"121092",1,2,10,9,12
2,"121093",1,2,10,9,10
13,"1210101",1,2,10,10,15
34,"1210103",1,2,10,10,9
29,"1210102",1,2,10,10,16
29,"1210104",1,2,10,10,13
34,"1210111",1,2,10,11,9
21,"1210121",1,2,10,12,23
31,"1210124",1,2,10,12,14
36,"1210122",1,2,10,12,13
2,"1210133",1,2,10,13,7
50,"1210132",1,2,10,13,15
34,"1210134",1,2,10,13,9
35,"1210131",1,2,10,13,10
14,"1210144",1,2,10,14,13
42,"1210141",1,2,10,14,25
10,"1210143",1,2,10,14,19
35,"1210142",1,2,10,14,NA
34,"1210151",1,2,10,15,9
27,"1210152",1,2,10,15,15
89,"211011",2,1,10,1,7
90,"211014",2,1,10,1,14
66,"211021",2,1,10,2,14
81,"211024",2,1,10,2,20
76,"211033",2,1,10,3,18
63,"211031",2,1,10,3,10
95,"211041",2,1,10,4,7
67,"211043",2,1,10,4,NA
98,"211053",2,1,10,5,17
76,"211051",2,1,10,5,10
76,"211052",2,1,10,5,10
61,"211063",2,1,10,6,22
81,"211064",2,1,10,6,18
80,"211072",2,1,10,7,15
61,"211073",2,1,10,7,15
90,"211084",2,1,10,8,14
89,"211081",2,1,10,8,15
81,"211082",2,1,10,8,9
82,"211093",2,1,10,9,23
89,"211092",2,1,10,9,14
89,"2110103",2,1,10,10,20
90,"2110104",2,1,10,10,15
64,"2110101",2,1,10,10,7
90,"2110111",2,1,10,11,17
88,"2110113",2,1,10,11,23
94,"2110114",2,1,10,11,21
80,"2110121",2,1,10,12,19
90,"2110122",2,1,10,12,7
95,"2110133",2,1,10,13,16
71,"2110131",2,1,10,13,12
95,"2110142",2,1,10,14,19
88,"2110141",2,1,10,14,16
80,"2110143",2,1,10,14,15
74,"2110154",2,1,10,15,7
76,"2110152",2,1,10,15,9
64,"2110151",2,1,10,15,14
61,"221014",2,2,10,1,13
72,"221011",2,2,10,1,12
66,"221013",2,2,10,1,14
63,"221012",2,2,10,1,11
89,"221022",2,2,10,2,21
61,"221024",2,2,10,2,17
94,"221034",2,2,10,3,17
95,"221041",2,2,10,4,8
63,"221044",2,2,10,4,18
89,"221054",2,2,10,5,14
67,"221052",2,2,10,5,12
98,"221061",2,2,10,6,19
64,"221064",2,2,10,6,17
100,"221062",2,2,10,6,17
72,"221072",2,2,10,7,8
88,"221073",2,2,10,7,10
92,"221084",2,2,10,8,21
63,"221094",2,2,10,9,14
94,"221093",2,2,10,9,13
95,"2210104",2,2,10,10,11
66,"2210111",2,2,10,11,14
100,"2210112",2,2,10,11,16
71,"2210114",2,2,10,11,18
74,"2210113",2,2,10,11,12
67,"2210121",2,2,10,12,16
67,"2210122",2,2,10,12,25
88,"2210123",2,2,10,12,NA
76,"2210124",2,2,10,12,13
92,"2210131",2,2,10,13,20
66,"2210132",2,2,10,13,12
76,"2210134",2,2,10,13,13
80,"2210141",2,2,10,14,15
95,"2210142",2,2,10,14,11
81,"2210143",2,2,10,14,10
64,"2210144",2,2,10,14,20
90,"2210154",2,2,10,15,23
92,"2210151",2,2,10,15,13
81,"2210152",2,2,10,15,14
